이진영,01002131233,2024.04.24,쇼쿠진
장재영,01022223333,20260603,알케이드빌리지
김희태,01012345678,2026-11-11,귀장고
김희태,01012345678,2026-08-27,빨간집
김희태,01012345678,2026-09-10,악녀
이진영,01012123434,2025-05-05,귀장고
김희태,01044444444,2026-10-29,뱃사람의별
이진영,01077778888,2026-05-08,한강대학교
이진영,01078787878,2026-05-27,귀장고
이진영,01078787878,2026-08-01,귀장고
이진영,01045454545,2026-08-09,귀장고
이진영,01045454545,2026-05-08,귀장고
이진영,121,2027-08-08,귀장고
이진영,010254,2028-08-08,귀장고
김희태,01012345678,2026-11-11,어스
김희태,01022223333,2027-10-11,수곡리
김희태,01055555555,2027-07-10,호텔더게임
김희태,01011112222,2026-08-14,쇼쿠진
김희태,01033339999,2026-10-30,3일
이진영,123,2026-07-08,창귀
김희태,1111,2026-11-11,안산코노
김희태,1111,2026-06-17,빨간집
김희태,1111,2026-11-11,알케이드빌리지
김희태,1111,2026-11-13,슬래셔
김희태,1111,2026-12-01,무죄
김희태,1111,2026-07-19,캔디샵
김희태,1111,2026-08-19,흑신소
김희태,1111,2026-10-10,옹이의꿈
김희태,1111,2026-11-12,흑신소
김희태,1111,2026-12-15,귀장고
김희태,1111,2026-08-17,귀장고
김희태,1111,2026-08-27,수곡리
김희태,1111,2026-09-17,백순대
